-- --------------------------------------------------------
-- Servidor:                     localhost
-- Versão do servidor:           10.6.5-MariaDB - mariadb.org binary distribution
-- OS do Servidor:               Win32
-- HeidiSQL Versão:              11.3.0.6295
-- --------------------------------------------------------

/*!40101 SET @OLD_CHARACTER_SET_CLIENT=@@CHARACTER_SET_CLIENT */;
/*!40101 SET NAMES utf8 */;
/*!50503 SET NAMES utf8mb4 */;
/*!40014 SET @OLD_FOREIGN_KEY_CHECKS=@@FOREIGN_KEY_CHECKS, FOREIGN_KEY_CHECKS=0 */;
/*!40101 SET @OLD_SQL_MODE=@@SQL_MODE, SQL_MODE='NO_AUTO_VALUE_ON_ZERO' */;
/*!40111 SET @OLD_SQL_NOTES=@@SQL_NOTES, SQL_NOTES=0 */;


-- Copiando estrutura do banco de dados para db_wk
CREATE DATABASE IF NOT EXISTS `db_wk` /*!40100 DEFAULT CHARACTER SET utf8mb4 */;
USE `db_wk`;

-- Copiando estrutura para tabela db_wk.num_pedidos
CREATE TABLE IF NOT EXISTS `num_pedidos` (
  `n_pedido` int(11) NOT NULL AUTO_INCREMENT,
  `data_numero` datetime DEFAULT NULL,
  PRIMARY KEY (`n_pedido`)
) ENGINE=InnoDB AUTO_INCREMENT=7 DEFAULT CHARSET=utf8mb4;

-- Copiando dados para a tabela db_wk.num_pedidos: ~6 rows (aproximadamente)
/*!40000 ALTER TABLE `num_pedidos` DISABLE KEYS */;
INSERT INTO `num_pedidos` (`n_pedido`, `data_numero`) VALUES
	(1, '2022-10-18 20:58:49'),
	(2, '2021-10-18 21:06:10'),
	(3, '2022-10-18 21:34:51'),
	(4, '2022-10-18 21:38:03'),
	(5, '2022-10-18 21:40:04'),
	(6, '2022-10-19 08:37:46');
/*!40000 ALTER TABLE `num_pedidos` ENABLE KEYS */;

-- Copiando estrutura para tabela db_wk.pedidos_dados_gerais
CREATE TABLE IF NOT EXISTS `pedidos_dados_gerais` (
  `codigo_pedido` int(11) NOT NULL AUTO_INCREMENT,
  `data_emissao` timestamp NOT NULL DEFAULT current_timestamp() ON UPDATE current_timestamp(),
  `codigo_cliente` int(11) NOT NULL DEFAULT 0,
  `valor_total` decimal(14,2) DEFAULT NULL,
  PRIMARY KEY (`codigo_pedido`),
  KEY `fk_cliente` (`codigo_cliente`),
  CONSTRAINT `fk_cliente` FOREIGN KEY (`codigo_cliente`) REFERENCES `tb_clientes` (`codigo`) ON DELETE NO ACTION ON UPDATE NO ACTION
) ENGINE=InnoDB AUTO_INCREMENT=38 DEFAULT CHARSET=utf8mb4;

-- Copiando dados para a tabela db_wk.pedidos_dados_gerais: ~9 rows (aproximadamente)
/*!40000 ALTER TABLE `pedidos_dados_gerais` DISABLE KEYS */;
INSERT INTO `pedidos_dados_gerais` (`codigo_pedido`, `data_emissao`, `codigo_cliente`, `valor_total`) VALUES
	(1, '2022-10-03 16:58:49', 2, 0.00),
	(2, '2022-10-18 20:35:56', 1, 0.00),
	(3, '2022-10-18 20:42:23', 1, 0.00),
	(4, '2022-10-18 21:40:15', 1, 0.00),
	(5, '2022-10-19 08:37:58', 1, 0.00),
	(6, '2022-10-19 08:39:40', 1, 0.00),
	(7, '2022-10-19 09:06:27', 2, 0.00),
	(8, '2022-10-19 09:08:25', 1, 0.00),
	(9, '2022-10-19 09:14:03', 1, 0.00),
	(10, '2022-10-19 09:59:48', 2, 0.00),
	(11, '2022-10-19 10:03:27', 1, 0.00),
	(12, '2022-10-19 10:04:44', 1, 0.00),
	(13, '2022-10-19 10:08:25', 1, 0.00),
	(14, '2022-10-19 10:17:13', 1, 0.00),
	(15, '2022-10-19 10:19:00', 1, 0.00),
	(16, '2022-10-19 10:29:39', 1, 0.00),
	(17, '2022-10-19 10:39:24', 1, 0.00),
	(18, '2022-10-19 10:41:49', 1, 0.00),
	(19, '2022-10-19 10:44:08', 1, 0.00),
	(20, '2022-10-19 10:47:18', 1, 0.00),
	(21, '2022-10-19 10:49:48', 2, 20.00),
	(22, '2022-10-19 10:52:19', 1, 0.00),
	(23, '2022-10-19 10:54:36', 1, 0.00),
	(24, '2022-10-19 10:55:32', 1, 0.00),
	(25, '2022-10-19 11:05:39', 2, 0.00),
	(26, '2022-10-19 11:06:11', 3, 0.00),
	(27, '2022-10-19 11:07:18', 3, 10.00),
	(28, '2022-10-19 11:29:46', 2, 0.00),
	(29, '2022-10-19 11:30:35', 2, 5.00),
	(30, '2022-10-19 11:31:13', 1, 0.00),
	(31, '2022-10-19 11:43:28', 1, 0.00),
	(32, '2022-10-19 11:45:03', 1, 0.00),
	(33, '2022-10-19 11:45:26', 2, 0.00),
	(34, '2022-10-19 11:47:09', 1, 0.00),
	(35, '2022-10-19 11:49:00', 2, 0.00),
	(36, '2022-10-19 11:56:17', 1, 0.00),
	(37, '2022-10-19 11:57:08', 1, 0.00);
/*!40000 ALTER TABLE `pedidos_dados_gerais` ENABLE KEYS */;

-- Copiando estrutura para tabela db_wk.pedidos_produtos
CREATE TABLE IF NOT EXISTS `pedidos_produtos` (
  `codigo_item` int(11) NOT NULL AUTO_INCREMENT,
  `codigo_produto` int(11) NOT NULL,
  `codigo_pedido` int(11) DEFAULT NULL,
  `vlr_unitario` decimal(14,2) NOT NULL,
  `quantidade` decimal(14,2) NOT NULL,
  `vlr_total` decimal(14,2) DEFAULT NULL,
  PRIMARY KEY (`codigo_item`) USING BTREE,
  KEY `FK_produto` (`codigo_produto`),
  CONSTRAINT `fk_produtos` FOREIGN KEY (`codigo_produto`) REFERENCES `tb_produtos` (`codigo`) ON DELETE NO ACTION ON UPDATE NO ACTION
) ENGINE=InnoDB AUTO_INCREMENT=68 DEFAULT CHARSET=utf8mb4;

-- Copiando dados para a tabela db_wk.pedidos_produtos: ~13 rows (aproximadamente)
/*!40000 ALTER TABLE `pedidos_produtos` DISABLE KEYS */;
INSERT INTO `pedidos_produtos` (`codigo_item`, `codigo_produto`, `codigo_pedido`, `vlr_unitario`, `quantidade`, `vlr_total`) VALUES
	(4, 2, 1, 6.00, 10.00, 60.00),
	(5, 20, 1, 50.00, 10.00, 500.00),
	(6, 10, 1, 50.00, 10.00, 500.00),
	(7, 10, 1, 10.00, 10.00, 100.00),
	(9, 1, 1, 10.00, 15.00, 150.00),
	(10, 1, 1, 10.00, 15.00, 150.00),
	(11, 1, 1, 20.00, 10.00, 200.00),
	(13, 1, 1, 0.00, 0.00, 0.00),
	(14, 1, 1, 0.00, 0.00, 0.00),
	(15, 2, 1, 0.00, 0.00, 0.00),
	(16, 30, 1, 0.00, 0.00, 0.00),
	(19, 1, 1, 10.00, 10.00, 100.00),
	(20, 1, 1, 10.00, 1.00, 10.00),
	(21, 1, 1, 10.00, 1.00, 10.00),
	(22, 1, 1, 10.00, 1.00, 10.00),
	(23, 1, 15, 10.00, 1.00, 10.00),
	(24, 30, 15, 10.00, 1.00, 10.00),
	(25, 1, 16, 10.00, 1.00, 10.00),
	(26, 1, 16, 10.00, 1.00, 10.00),
	(27, 1, 16, 10.00, 1.00, 10.00),
	(28, 1, 17, 10.00, 1.00, 10.00),
	(29, 1, 17, 10.00, 1.00, 10.00),
	(30, 1, 17, 10.00, 1.00, 10.00),
	(31, 1, 17, 10.00, 1.00, 10.00),
	(32, 1, 18, 25.00, 1.00, 25.00),
	(33, 1, 18, 10.00, 1.00, 10.00),
	(34, 1, 18, 10.00, 1.00, 10.00),
	(35, 1, 18, 10.00, 1.00, 10.00),
	(36, 1, 19, 6.00, 2.00, 12.00),
	(37, 1, 20, 20.00, 1.00, 20.00),
	(38, 1, 22, 10.00, 1.00, 10.00),
	(39, 1, 22, 10.00, 1.00, 10.00),
	(40, 1, 23, 100.00, 1.00, 100.00),
	(41, 1, 23, 10.00, 1.00, 10.00),
	(42, 1, 23, 10.00, 1.00, 10.00),
	(43, 1, 23, 10.00, 1.00, 10.00),
	(44, 1, 23, 10.00, 1.00, 10.00),
	(45, 1, 25, 10.00, 1.00, 10.00),
	(46, 1, 26, 10.00, 1.00, 10.00),
	(47, 1, 26, 10.00, 1.00, 10.00),
	(48, 1, 26, 10.00, 1.00, 10.00),
	(49, 1, 26, 10.00, 1.00, 10.00),
	(50, 1, 26, 10.00, 1.00, 10.00),
	(51, 1, 26, 10.00, 1.00, 10.00),
	(52, 1, 28, 1.00, 1.00, 1.00),
	(53, 2, 28, 5.00, 1.00, 5.00),
	(54, 3, 28, 1.00, 1.00, 1.00),
	(55, 1, 33, 10.00, 1.00, 10.00),
	(56, 1, 33, 10.00, 1.00, 10.00),
	(57, 1, 33, 10.00, 1.00, 10.00),
	(58, 1, 33, 10.00, 1.00, 10.00),
	(59, 1, 34, 10.00, 1.00, 10.00),
	(60, 1, 34, 10.00, 1.00, 10.00),
	(61, 1, 34, 10.00, 1.00, 10.00),
	(62, 1, 35, 10.00, 1.00, 10.00),
	(63, 1, 35, 10.00, 1.00, 10.00),
	(64, 1, 35, 10.00, 1.00, 10.00),
	(65, 5, 0, 101.00, 1.00, 101.00),
	(66, 1, 37, 10.00, 1.00, 10.00),
	(67, 1, 37, 10.00, 1.00, 10.00);
/*!40000 ALTER TABLE `pedidos_produtos` ENABLE KEYS */;

-- Copiando estrutura para tabela db_wk.tb_clientes
CREATE TABLE IF NOT EXISTS `tb_clientes` (
  `codigo` int(11) NOT NULL AUTO_INCREMENT,
  `nome` varchar(255) NOT NULL,
  `cidade` varchar(255) NOT NULL,
  `uf` char(2) NOT NULL,
  PRIMARY KEY (`codigo`),
  KEY `Index 2` (`nome`) USING BTREE
) ENGINE=InnoDB AUTO_INCREMENT=161 DEFAULT CHARSET=utf8mb4;

-- Copiando dados para a tabela db_wk.tb_clientes: ~160 rows (aproximadamente)
/*!40000 ALTER TABLE `tb_clientes` DISABLE KEYS */;
INSERT INTO `tb_clientes` (`codigo`, `nome`, `cidade`, `uf`) VALUES
	(1, 'Maria', 'Gogiania', 'GO'),
	(2, 'Marcia', 'Gogiania', 'GO'),
	(3, 'Joana', 'Uberaba', 'MG'),
	(4, 'Joana', 'Uberaba', 'MG'),
	(5, 'MAXIMUS ATAC DIST PROD ALIM LTDA', 'AGUAS LINDAS DE GOIAS', 'GO'),
	(6, 'MAXIMUS ATAC DIST PROD ALIM LTDA', 'AGUAS LINDAS DE GOIAS', 'GO'),
	(7, 'STO ATACADISTA DE ALIMENTOS EIRELI', 'AGUAS LINDAS DE GOIAS', 'GO'),
	(8, 'STO ATACADISTA DE ALIMENTOS EIRELI', 'AGUAS LINDAS DE GOIAS', 'GO'),
	(9, 'MAXIMUS ATAC DIST PROD ALIM LTDA', 'AGUAS LINDAS DE GOIAS', 'GO'),
	(10, 'MAXIMUS ATAC DIST PROD ALIM LTDA', 'AGUAS LINDAS DE GOIAS', 'GO'),
	(11, 'MAXIMUS ATAC DIST PROD ALIM LTDA', 'AGUAS LINDAS DE GOIAS', 'GO'),
	(12, 'MAXIMUS ATAC DIST PROD ALIM LTDA', 'AGUAS LINDAS DE GOIAS', 'GO'),
	(13, 'MAXIMUS ATAC DIST PROD ALIM LTDA', 'AGUAS LINDAS DE GOIAS', 'GO'),
	(14, 'MAXIMUS ATAC DIST PROD ALIM LTDA', 'AGUAS LINDAS DE GOIAS', 'GO'),
	(15, 'MAXIMUS ATAC DIST PROD ALIM LTDA', 'AGUAS LINDAS DE GOIAS', 'GO'),
	(16, 'MAXIMUS ATAC DIST PROD ALIM LTDA', 'AGUAS LINDAS DE GOIAS', 'GO'),
	(17, 'MAXIMUS ATAC DIST PROD ALIM LTDA', 'AGUAS LINDAS DE GOIAS', 'GO'),
	(18, 'MAXIMUS ATAC DIST PROD ALIM LTDA', 'AGUAS LINDAS DE GOIAS', 'GO'),
	(19, 'MAXIMUS ATAC DIST PROD ALIM LTDA', 'AGUAS LINDAS DE GOIAS', 'GO'),
	(20, 'MAXIMUS ATAC DIST PROD ALIM LTDA', 'AGUAS LINDAS DE GOIAS', 'GO'),
	(21, 'MAXIMUS ATAC DIST PROD ALIM LTDA', 'AGUAS LINDAS DE GOIAS', 'GO'),
	(22, 'MAXIMUS ATAC DIST PROD ALIM LTDA', 'AGUAS LINDAS DE GOIAS', 'GO'),
	(23, 'MAXIMUS ATAC DIST PROD ALIM LTDA', 'AGUAS LINDAS DE GOIAS', 'GO'),
	(24, 'MAXIMUS ATAC DIST PROD ALIM LTDA', 'AGUAS LINDAS DE GOIAS', 'GO'),
	(25, 'MAXIMUS ATAC DIST PROD ALIM LTDA', 'AGUAS LINDAS DE GOIAS', 'GO'),
	(26, 'MAXIMUS ATAC DIST PROD ALIM LTDA', 'AGUAS LINDAS DE GOIAS', 'GO'),
	(27, 'MAXIMUS ATAC DIST PROD ALIM LTDA', 'AGUAS LINDAS DE GOIAS', 'GO'),
	(28, 'MAXIMUS ATAC DIST PROD ALIM LTDA', 'AGUAS LINDAS DE GOIAS', 'GO'),
	(29, 'MAXIMUS ATAC DIST PROD ALIM LTDA', 'AGUAS LINDAS DE GOIAS', 'GO'),
	(30, 'MAXIMUS ATAC DIST PROD ALIM LTDA', 'AGUAS LINDAS DE GOIAS', 'GO'),
	(31, 'MAXIMUS ATAC DIST PROD ALIM LTDA', 'AGUAS LINDAS DE GOIAS', 'GO'),
	(32, 'STO ATACADISTA DE ALIMENTOS EIRELI', 'AGUAS LINDAS DE GOIAS', 'GO'),
	(33, 'STO ATACADISTA DE ALIMENTOS EIRELI', 'AGUAS LINDAS DE GOIAS', 'GO'),
	(34, 'STO ATACADISTA DE ALIMENTOS EIRELI', 'AGUAS LINDAS DE GOIAS', 'GO'),
	(35, 'STO ATACADISTA DE ALIMENTOS EIRELI', 'AGUAS LINDAS DE GOIAS', 'GO'),
	(36, 'STO ATACADISTA DE ALIMENTOS EIRELI', 'AGUAS LINDAS DE GOIAS', 'GO'),
	(37, 'STO ATACADISTA DE ALIMENTOS EIRELI', 'AGUAS LINDAS DE GOIAS', 'GO'),
	(38, 'STO ATACADISTA DE ALIMENTOS EIRELI', 'AGUAS LINDAS DE GOIAS', 'GO'),
	(39, 'STO ATACADISTA DE ALIMENTOS EIRELI', 'AGUAS LINDAS DE GOIAS', 'GO'),
	(40, 'STO ATACADISTA DE ALIMENTOS EIRELI', 'AGUAS LINDAS DE GOIAS', 'GO'),
	(41, 'STO ATACADISTA DE ALIMENTOS EIRELI', 'AGUAS LINDAS DE GOIAS', 'GO'),
	(42, 'STO ATACADISTA DE ALIMENTOS EIRELI', 'AGUAS LINDAS DE GOIAS', 'GO'),
	(43, 'STO ATACADISTA DE ALIMENTOS EIRELI', 'AGUAS LINDAS DE GOIAS', 'GO'),
	(44, 'STO ATACADISTA DE ALIMENTOS EIRELI', 'AGUAS LINDAS DE GOIAS', 'GO'),
	(45, 'STO ATACADISTA DE ALIMENTOS EIRELI', 'AGUAS LINDAS DE GOIAS', 'GO'),
	(46, 'STO ATACADISTA DE ALIMENTOS EIRELI', 'AGUAS LINDAS DE GOIAS', 'GO'),
	(47, 'STO ATACADISTA DE ALIMENTOS EIRELI', 'AGUAS LINDAS DE GOIAS', 'GO'),
	(48, 'STO ATACADISTA DE ALIMENTOS EIRELI', 'AGUAS LINDAS DE GOIAS', 'GO'),
	(49, 'STO ATACADISTA DE ALIMENTOS EIRELI', 'AGUAS LINDAS DE GOIAS', 'GO'),
	(50, 'STO ATACADISTA DE ALIMENTOS EIRELI', 'AGUAS LINDAS DE GOIAS', 'GO'),
	(51, 'STO ATACADISTA DE ALIMENTOS EIRELI', 'AGUAS LINDAS DE GOIAS', 'GO'),
	(52, 'STO ATACADISTA DE ALIMENTOS EIRELI', 'AGUAS LINDAS DE GOIAS', 'GO'),
	(53, 'STO ATACADISTA DE ALIMENTOS EIRELI', 'AGUAS LINDAS DE GOIAS', 'GO'),
	(54, 'STO ATACADISTA DE ALIMENTOS EIRELI', 'AGUAS LINDAS DE GOIAS', 'GO'),
	(55, 'STO ATACADISTA DE ALIMENTOS EIRELI', 'AGUAS LINDAS DE GOIAS', 'GO'),
	(56, 'STO ATACADISTA DE ALIMENTOS EIRELI', 'AGUAS LINDAS DE GOIAS', 'GO'),
	(57, 'STO ATACADISTA DE ALIMENTOS EIRELI', 'AGUAS LINDAS DE GOIAS', 'GO'),
	(58, 'STO ATACADISTA DE ALIMENTOS EIRELI', 'AGUAS LINDAS DE GOIAS', 'GO'),
	(59, 'STO ATACADISTA DE ALIMENTOS EIRELI', 'AGUAS LINDAS DE GOIAS', 'GO'),
	(60, 'STO ATACADISTA DE ALIMENTOS EIRELI', 'AGUAS LINDAS DE GOIAS', 'GO'),
	(61, 'STO ATACADISTA DE ALIMENTOS EIRELI', 'AGUAS LINDAS DE GOIAS', 'GO'),
	(62, 'STO ATACADISTA DE ALIMENTOS EIRELI', 'AGUAS LINDAS DE GOIAS', 'GO'),
	(63, 'STO ATACADISTA DE ALIMENTOS EIRELI', 'AGUAS LINDAS DE GOIAS', 'GO'),
	(64, 'STO ATACADISTA DE ALIMENTOS EIRELI', 'AGUAS LINDAS DE GOIAS', 'GO'),
	(65, 'STO ATACADISTA DE ALIMENTOS EIRELI', 'AGUAS LINDAS DE GOIAS', 'GO'),
	(66, 'STO ATACADISTA DE ALIMENTOS EIRELI', 'AGUAS LINDAS DE GOIAS', 'GO'),
	(67, 'STO ATACADISTA DE ALIMENTOS EIRELI', 'AGUAS LINDAS DE GOIAS', 'GO'),
	(68, 'STO ATACADISTA DE ALIMENTOS EIRELI', 'AGUAS LINDAS DE GOIAS', 'GO'),
	(69, 'STO ATACADISTA DE ALIMENTOS EIRELI', 'AGUAS LINDAS DE GOIAS', 'GO'),
	(70, 'STO ATACADISTA DE ALIMENTOS EIRELI', 'AGUAS LINDAS DE GOIAS', 'GO'),
	(71, 'STO ATACADISTA DE ALIMENTOS EIRELI', 'AGUAS LINDAS DE GOIAS', 'GO'),
	(72, 'STO ATACADISTA DE ALIMENTOS EIRELI', 'AGUAS LINDAS DE GOIAS', 'GO'),
	(73, 'STO ATACADISTA DE ALIMENTOS EIRELI', 'AGUAS LINDAS DE GOIAS', 'GO'),
	(74, 'STO ATACADISTA DE ALIMENTOS EIRELI', 'AGUAS LINDAS DE GOIAS', 'GO'),
	(75, 'STO ATACADISTA DE ALIMENTOS EIRELI', 'AGUAS LINDAS DE GOIAS', 'GO'),
	(76, 'STO ATACADISTA DE ALIMENTOS EIRELI', 'AGUAS LINDAS DE GOIAS', 'GO'),
	(77, 'STO ATACADISTA DE ALIMENTOS EIRELI', 'AGUAS LINDAS DE GOIAS', 'GO'),
	(78, 'STO ATACADISTA DE ALIMENTOS EIRELI', 'AGUAS LINDAS DE GOIAS', 'GO'),
	(79, 'STO ATACADISTA DE ALIMENTOS EIRELI', 'AGUAS LINDAS DE GOIAS', 'GO'),
	(80, 'STO ATACADISTA DE ALIMENTOS EIRELI', 'AGUAS LINDAS DE GOIAS', 'GO'),
	(81, 'STO ATACADISTA DE ALIMENTOS EIRELI', 'AGUAS LINDAS DE GOIAS', 'GO'),
	(82, 'STO ATACADISTA DE ALIMENTOS EIRELI', 'AGUAS LINDAS DE GOIAS', 'GO'),
	(83, 'STO ATACADISTA DE ALIMENTOS EIRELI', 'AGUAS LINDAS DE GOIAS', 'GO'),
	(84, 'STO ATACADISTA DE ALIMENTOS EIRELI', 'AGUAS LINDAS DE GOIAS', 'GO'),
	(85, 'STO ATACADISTA DE ALIMENTOS EIRELI', 'AGUAS LINDAS DE GOIAS', 'GO'),
	(86, 'STO ATACADISTA DE ALIMENTOS EIRELI', 'AGUAS LINDAS DE GOIAS', 'GO'),
	(87, 'STO ATACADISTA DE ALIMENTOS EIRELI', 'AGUAS LINDAS DE GOIAS', 'GO'),
	(88, 'STO ATACADISTA DE ALIMENTOS EIRELI', 'AGUAS LINDAS DE GOIAS', 'GO'),
	(89, 'STO ATACADISTA DE ALIMENTOS EIRELI', 'AGUAS LINDAS DE GOIAS', 'GO'),
	(90, 'STO ATACADISTA DE ALIMENTOS EIRELI', 'AGUAS LINDAS DE GOIAS', 'GO'),
	(91, 'STO ATACADISTA DE ALIMENTOS EIRELI', 'AGUAS LINDAS DE GOIAS', 'GO'),
	(92, 'STO ATACADISTA DE ALIMENTOS EIRELI', 'AGUAS LINDAS DE GOIAS', 'GO'),
	(93, 'STO ATACADISTA DE ALIMENTOS EIRELI', 'AGUAS LINDAS DE GOIAS', 'GO'),
	(94, 'STO ATACADISTA DE ALIMENTOS EIRELI', 'AGUAS LINDAS DE GOIAS', 'GO'),
	(95, 'STO ATACADISTA DE ALIMENTOS EIRELI', 'AGUAS LINDAS DE GOIAS', 'GO'),
	(96, 'STO ATACADISTA DE ALIMENTOS EIRELI', 'AGUAS LINDAS DE GOIAS', 'GO'),
	(97, 'STO ATACADISTA DE ALIMENTOS EIRELI', 'AGUAS LINDAS DE GOIAS', 'GO'),
	(98, 'STO ATACADISTA DE ALIMENTOS EIRELI', 'AGUAS LINDAS DE GOIAS', 'GO'),
	(99, 'MAXIMUS ATAC. DIST. PROD. ALIM. LTD', 'BRASILIA', 'GO'),
	(100, 'MAXIMUS ATAC. DIST. PROD. ALIM. LTD', 'BRASILIA', 'GO'),
	(101, 'MAXIMUS ATAC. DIST. PROD. ALIM. LTD', 'BRASILIA', 'GO'),
	(102, 'MAXIMUS ATAC. DIST. PROD. ALIM. LTD', 'BRASILIA', 'GO'),
	(103, 'MAXIMUS ATAC. DIST. PROD. ALIM. LTD', 'BRASILIA', 'GO'),
	(104, 'MAXIMUS ATAC. DIST. PROD. ALIM. LTD', 'BRASILIA', 'GO'),
	(105, 'MAXIMUS ATAC. DIST. PROD. ALIM. LTD', 'BRASILIA', 'GO'),
	(106, 'MAXIMUS ATAC. DIST. PROD. ALIM. LTD', 'BRASILIA', 'GO'),
	(107, 'MAXIMUS ATAC. DIST. PROD. ALIM. LTD', 'BRASILIA', 'GO'),
	(108, 'MAXIMUS ATAC. DIST. PROD. ALIM. LTD', 'BRASILIA', 'GO'),
	(109, 'MAXIMUS ATAC. DIST. PROD. ALIM. LTD', 'BRASILIA', 'GO'),
	(110, 'MAXIMUS ATAC. DIST. PROD. ALIM. LTD', 'BRASILIA', 'GO'),
	(111, 'MAXIMUS ATAC. DIST. PROD. ALIM. LTD', 'BRASILIA', 'GO'),
	(112, 'MAXIMUS ATAC. DIST. PROD. ALIM. LTD', 'BRASILIA', 'GO'),
	(113, 'MAXIMUS ATAC. DIST. PROD. ALIM. LTD', 'BRASILIA', 'GO'),
	(114, 'MAXIMUS ATAC. DIST. PROD. ALIM. LTD', 'BRASILIA', 'GO'),
	(115, 'MAXIMUS ATAC. DIST. PROD. ALIM. LTD', 'BRASILIA', 'GO'),
	(116, 'MAXIMUS ATAC. DIST. PROD. ALIM. LTD', 'BRASILIA', 'GO'),
	(117, 'MAXIMUS ATAC. DIST. PROD. ALIM. LTD', 'BRASILIA', 'GO'),
	(118, 'MAXIMUS ATAC. DIST. PROD. ALIM. LTD', 'BRASILIA', 'GO'),
	(119, 'MAXIMUS ATAC. DIST. PROD. ALIM. LTD', 'BRASILIA', 'GO'),
	(120, 'MAXIMUS ATAC. DIST. PROD. ALIM. LTD', 'BRASILIA', 'GO'),
	(121, 'MAXIMUS ATAC. DIST. PROD. ALIM. LTD', 'BRASILIA', 'GO'),
	(122, 'MAXIMUS ATAC. DIST. PROD. ALIM. LTD', 'BRASILIA', 'GO'),
	(123, 'MAXIMUS ATAC. DIST. PROD. ALIM. LTD', 'BRASILIA', 'GO'),
	(124, 'MAXIMUS ATAC. DIST. PROD. ALIM. LTD', 'BRASILIA', 'GO'),
	(125, 'MAXIMUS ATAC. DIST. PROD. ALIM. LTD', 'BRASILIA', 'GO'),
	(126, 'MAXIMUS ATAC. DIST. PROD. ALIM. LTD', 'BRASILIA', 'GO'),
	(127, 'MAXIMUS ATAC. DIST. PROD. ALIM. LTD', 'BRASILIA', 'GO'),
	(128, 'MAXIMUS ATAC. DIST. PROD. ALIM. LTD', 'BRASILIA', 'GO'),
	(129, 'MAXIMUS ATAC. DIST. PROD. ALIM. LTD', 'BRASILIA', 'GO'),
	(130, 'MAXIMUS ATAC. DIST. PROD. ALIM. LTD', 'BRASILIA', 'GO'),
	(131, 'MAXIMUS ATAC. DIST. PROD. ALIM. LTD', 'BRASILIA', 'GO'),
	(132, 'MAXIMUS ATAC. DIST. PROD. ALIM. LTD', 'BRASILIA', 'GO'),
	(133, 'MAXIMUS ATAC. DIST. PROD. ALIM. LTD', 'BRASILIA', 'GO'),
	(134, 'MAXIMUS ATAC. DIST. PROD. ALIM. LTD', 'BRASILIA', 'GO'),
	(135, 'MAXIMUS ATAC. DIST. PROD. ALIM. LTD', 'BRASILIA', 'GO'),
	(136, 'MAXIMUS ATAC. DIST. PROD. ALIM. LTD', 'BRASILIA', 'GO'),
	(137, 'MAXIMUS ATAC. DIST. PROD. ALIM. LTD', 'BRASILIA', 'GO'),
	(138, 'MAXIMUS ATAC. DIST. PROD. ALIM. LTD', 'BRASILIA', 'GO'),
	(139, 'MAXIMUS ATAC. DIST. PROD. ALIM. LTD', 'BRASILIA', 'GO'),
	(140, 'MAXIMUS ATAC. DIST. PROD. ALIM. LTD', 'BRASILIA', 'GO'),
	(141, 'MAXIMUS ATAC. DIST. PROD. ALIM. LTD', 'BRASILIA', 'GO'),
	(142, 'MAXIMUS ATAC. DIST. PROD. ALIM. LTD', 'BRASILIA', 'GO'),
	(143, 'MAXIMUS ATAC. DIST. PROD. ALIM. LTD', 'BRASILIA', 'GO'),
	(144, 'MAXIMUS ATAC. DIST. PROD. ALIM. LTD', 'BRASILIA', 'GO'),
	(145, 'MAXIMUS ATAC. DIST. PROD. ALIM. LTD', 'BRASILIA', 'GO'),
	(146, 'MAXIMUS ATAC. DIST. PROD. ALIM. LTD', 'BRASILIA', 'GO'),
	(147, 'MAXIMUS ATAC. DIST. PROD. ALIM. LTD', 'BRASILIA', 'GO'),
	(148, 'MAXIMUS ATAC. DIST. PROD. ALIM. LTD', 'BRASILIA', 'GO'),
	(149, 'MAXIMUS ATAC. DIST. PROD. ALIM. LTD', 'BRASILIA', 'GO'),
	(150, 'MAXIMUS ATAC. DIST. PROD. ALIM. LTD', 'BRASILIA', 'GO'),
	(151, 'MAXIMUS ATAC. DIST. PROD. ALIM. LTD', 'BRASILIA', 'GO'),
	(152, 'MAXIMUS ATAC. DIST. PROD. ALIM. LTD', 'BRASILIA', 'GO'),
	(153, 'MAXIMUS ATAC. DIST. PROD. ALIM. LTD', 'BRASILIA', 'GO'),
	(154, 'MAXIMUS ATAC. DIST. PROD. ALIM. LTD', 'BRASILIA', 'GO'),
	(155, 'MAXIMUS ATAC. DIST. PROD. ALIM. LTD', 'BRASILIA', 'GO'),
	(156, 'MAXIMUS ATAC. DIST. PROD. ALIM. LTD', 'BRASILIA', 'GO'),
	(157, 'MAXIMUS ATAC. DIST. PROD. ALIM. LTD', 'BRASILIA', 'GO'),
	(158, 'STO ATACADISTA DE ALIMENTOS EIRELI', 'BRASILIA', 'GO'),
	(159, 'STO ATACADISTA DE ALIMENTOS EIRELI', 'BRASILIA', 'GO'),
	(160, 'STO ATACADISTA DE ALIMENTOS EIRELI', 'BRASILIA', 'GO');
/*!40000 ALTER TABLE `tb_clientes` ENABLE KEYS */;

-- Copiando estrutura para tabela db_wk.tb_produtos
CREATE TABLE IF NOT EXISTS `tb_produtos` (
  `codigo` int(11) NOT NULL AUTO_INCREMENT,
  `descricao` varchar(50) NOT NULL,
  `preco_venda` decimal(14,2) NOT NULL,
  PRIMARY KEY (`codigo`),
  KEY `Index 2` (`descricao`)
) ENGINE=InnoDB AUTO_INCREMENT=724 DEFAULT CHARSET=utf8mb4;

-- Copiando dados para a tabela db_wk.tb_produtos: ~723 rows (aproximadamente)
/*!40000 ALTER TABLE `tb_produtos` DISABLE KEYS */;
INSERT INTO `tb_produtos` (`codigo`, `descricao`, `preco_venda`) VALUES
	(1, '51 ICE BALADA 275ML', 3.92),
	(2, '51 ICE FRUIT MIX 275ML', 3.92),
	(3, '51 ICE LIMAO 275ML', 3.92),
	(4, 'ABS SYM COB SECA C/ABAS LAR L8P7 08U', 1.99),
	(5, 'ABS SYM COB SUAVE PROM L8P7 08UN', 1.99),
	(6, 'ACHOC PO NESCAU 200G', 3.08),
	(7, 'ACHOC PO OVOMALTINE 400G FLOCOS CROC POT', 12.07),
	(8, 'ACHOC PO TODDY 800G', 8.36),
	(9, 'ACHOC TODDY ORIGINAL PO 2KG UN/0001/UN', 22.28),
	(10, 'ACHOC TODDYNHO LIQ 200ML CX/0027/UN', 38.88),
	(11, 'ACUCAR CRISTAL DA SAFIRA 2KG FD/0015/UN', 94.41),
	(12, 'ACUCAR UNIAO SACHET 5G CX/0400/UN', 19.57),
	(13, 'AGUA SANITARIA BRILHANTE 2L CX/0006/UN', 59.82),
	(14, 'AGUA TONICA ST PIERRE 270ML', 3.60),
	(15, 'AGUA TONICA ST PIERRE GINGER 270ML', 3.60),
	(16, 'AGUA TONICA ST PIERRE PINK LEMONAD 270ML', 3.60),
	(17, 'AGUA TONICA ST PIERRE RED MINT 270ML', 3.60),
	(18, 'AGUA TONICA ST PIERRE SUGAR FREE 270ML', 3.60),
	(19, 'AGUARD 51 LUXO BRUTA 965ML', 7.94),
	(20, 'AGUARD CACHACA SAGATIBA AMARELA 700ML', 63.50),
	(21, 'AGUARD CACHACA SELETA 1L', 33.10),
	(22, 'AGUARD PITU BRUTA 965ML', 8.80),
	(23, 'AGUARD PITU COLA LATA 350ML', 2.82),
	(24, 'AGUARD PITU LATA 350ML', 3.80),
	(25, 'AGUARD PITU LIMAO LATA 350ML', 3.44),
	(26, 'AGUARD YPIOCA OURO 965ML', 11.00),
	(27, 'ALCOOL AEROSSOL PODEROSO 70% SPRAY 400ML', 6.22),
	(28, 'ALGODAO TOPZ ROLO 25GR', 1.59),
	(29, 'ALICATE MUNDIAL INOX 722', 22.98),
	(30, 'ALUMINITO BOREDA 0,30X4MT 12UN', 1.99),
	(31, 'ALUMINITO LUMIPAM 0,45X7,5MT', 3.54),
	(32, 'ALVEJANTE BRILHANTE 2L UTILE FRESH', 14.72),
	(33, 'AMACIANTE AMACITEL LUXO M D CARIN BCO 2L', 28.56),
	(34, 'AMACIANTE ASSIM AZUL 2LT CX/0006/UN', 27.74),
	(35, 'AMACIANTE COMFORT 1L CONC ORIGINAL', 12.67),
	(36, 'AMACIANTE COMFORT 500ML CONC INTENSE', 7.01),
	(37, 'AMACIANTE COMFORT 500ML CONC P CUIDADO', 7.01),
	(38, 'AMACIANTE COMFORT CONC CUID ESSEN 500ML ', 6.26),
	(39, 'AMACIANTE COMFORT INT CUID ESSEN 900ML U', 11.16),
	(40, 'AMACIANTE DOWNY 500ML BRISA DO VERAO', 8.72),
	(41, 'AMACIANTE DOWNY BRISA DE VERAO 500ML UN/', 7.99),
	(42, 'AMACIANTE DOWNY BRISA VERAO 600ML SACHET', 7.46),
	(43, 'AMACIANTE DOWNY PAIXAO 450ML UN/0001/UN', 7.99),
	(44, 'AMACIANTE FOFO CONC CHEIR DE NATUR 500ML', 4.39),
	(45, 'AMACIANTE FOFO CONC TRAD 500ML UN/0001/U', 4.43),
	(46, 'AMACIANTE FOFO TRADICIONAL 1,8LT CX/0006', 29.34),
	(47, 'AMACIANTE MON BIJOU AZUL PUREZA 2LTS CX/', 38.53),
	(48, 'AMACIANTE MON BIJOU VERMELHO MAGIA 2LTS ', 38.53),
	(49, 'AMACIANTE VIDA MACIA GLICER E AMEND 1LT ', 68.22),
	(50, 'AMACIANTE YPE ACONCHEGO 2LT GRT 200ML CX', 38.34),
	(51, 'AMACIANTE YPE ACONCHEGO AZUL 02L', 7.00),
	(52, 'AMACIANTE YPE INTENSO AZUL ESCURO 2LT CX', 40.11),
	(53, 'AMEIXA OLE CALDA 150G CX/0012/UN', 52.08),
	(54, 'AMENDOIM AMENDUPA TORRADO S/PELE 30G CX/', 19.53),
	(55, 'AMENDOIM PACHA CRU 500G', 10.18),
	(56, 'AMENDOIM PACHA TORRADO 500G FD/0010/UN', 70.90),
	(57, 'AMENDOIM PETIZ CEB/SALSA CROCANTE 500G P', 9.89),
	(58, 'AMENDOIM PETIZ ESPECIAL JAPONES 500G PC/', 8.15),
	(59, 'AMENDOIM PETIZ NATURAL CROCANTE 500G PC/', 9.89),
	(60, 'AMENDOIM PETIZ PIMEN VERM CROCANTE 500G ', 8.99),
	(61, 'AMIDO DE MILHO MAIZENA 500G', 5.46),
	(62, 'AP DE BARB BIC COMFORT 3LAM BLACK UN', 2.55),
	(63, 'AP DE BARB BIC SENSITE SHAVER 2UN', 1.46),
	(64, 'APERITIVO APEROL 750ML', 42.50),
	(65, 'ATUM GOMES DA COSTA RAL NATURAL 170G CX/', 95.76),
	(66, 'ATUM GOMES DA COSTA RAL OLEO 170G CX/002', 97.20),
	(67, 'ATUM GOMES DA COSTA SOLIDO OLEO 170G CX/', 163.68),
	(68, 'AZEITE BORGES EXTRA VIRGEM 500ML UN/0001', 18.75),
	(69, 'AZEITE EXTRA VIRGEM ANDORINHA VD 500ML U', 18.74),
	(70, 'AZEITE EXTRA VIRGEM GALLO VD 250ML UN/00', 13.59),
	(71, 'AZEITE PORT EXT VIRG FAZENDA HERDA 500ML', 15.65),
	(72, 'AZEITE PORT GALLO PURO VD 250ML', 10.49),
	(73, 'AZEITONA CAMPO BELO 150G VERDE FAT SACHE', 3.01),
	(74, 'AZEITONA LA VIOL PRETA C/C 500GR', 13.22),
	(75, 'AZEITONA LA VIOL VERDE C/C 100GR SACHET', 1.98),
	(76, 'AZEITONA LA VIOL VERDE FATIADA 160G SACH', 3.46),
	(77, 'AZEITONA RILI VERDE FAT BD 2KG UN/0001/U', 39.49),
	(78, 'BALA ERLAN MASTIG SORTIDA 600GR PC/0001/', 4.74),
	(79, 'BALA FLORES 600G MINT HORTELA', 6.22),
	(80, 'BALA FLORESTAL DURA COFFE BRAZILIAN 500G', 8.07),
	(81, 'BALA FREEGELLS AZEDINHA UVA 584G', 4.89),
	(82, 'BALA FREEGELLS CHOC SORTIDA 584G', 4.89),
	(83, 'BALA FREEGELLS EXTRA FORTE 584G PC/0001/', 5.02),
	(84, 'BATATA PRINGLES 114G ORIGINAL', 7.46),
	(85, 'BATATA PRINGLES 120G CHURRASCO', 7.83),
	(86, 'BATATA PRINGLES 120G CREME CEBOLA', 7.46),
	(87, 'BATATA PRINGLES 120G QUEIJO', 7.46),
	(88, 'BATERIA RAYOVAC ALCALINA SM 9V UN/0001/U', 10.98),
	(89, 'BAUDUCCO BOLINHO MORANGO 40 GR DP/0014/U', 10.87),
	(90, 'BAUDUCCO TORRADA MULTIGRAOS 142G CX/0036', 107.99),
	(91, 'BB AGUA DE COCO DUCOCO TP 200ML CX/0027/', 40.23),
	(92, 'BB AGUARD 51 OURO 965ML CX/0012/UN', 120.00),
	(93, 'BB AGUARD 88 OLD CESAR 965ML CX/0012/UN', 92.64),
	(94, 'BB AGUARD CANINHA CAMELINHO 500ML CX/001', 32.40),
	(95, 'BB AGUARD CANINHA DA ROCA 600ML CX/0012/', 51.27),
	(96, 'BB AGUARD PITU LT 350ML CX/0012/UN', 47.38),
	(97, 'BB AGUARD YPIOCA OURO EMP RESERVA 965ML ', 26.88),
	(98, 'BB CHOPP VINHO PINK MOON PET 600ML CX/00', 89.20),
	(99, 'BB CONC SUCO DAFRUTA GOIABA 500ML CX/001', 23.76),
	(100, 'BB CONC SUCO DAFRUTA MANGA 500ML CX/0012', 23.76),
	(101, 'BB CONC SUCO JANDAIA CAJU 500ML CX/0012/', 20.76),
	(102, 'BB CONC SUCO MAGUARY CAJU 500ML CX/0012/', 25.32),
	(103, 'BB ENERGETICO EXTRA POWER 1250ML PC/0006', 39.72),
	(104, 'BB ENERGETICO EXTRA POWER 270ML PC/0006/', 20.64),
	(105, 'BB ENERGETICO EXTRA POWER 473ML PC/0006/', 30.47),
	(106, 'BB ENERGETICO VULCANO 1250ML PC/0006/UN', 39.04),
	(107, 'BB ESP SALTON CLASSIC DEMI SEC 750ML UN/', 19.89),
	(108, 'BB GIN BEEFEATER BOTANICS 750ML UN/0001/', 96.25),
	(109, 'BB GIN TANQUERAY 750ML UN/0001/UN', 85.95),
	(110, 'BB ICE 51 LIMAO 275ML PC/0006/UN', 25.51),
	(111, 'BB SUCO NUTRINECTAR CAJU 200ML CX/0027/U', 25.52),
	(112, 'BB SUCO NUTRINECTAR GOIABA 200ML CX/0027', 26.25),
	(113, 'BB SUCO NUTRINECTAR MARACUJA 200ML CX/00', 26.25),
	(114, 'BB TEQUILA JOSE CUERVO REPOSADO 750ML UN', 85.92),
	(115, 'BB VH CANTINA DA SERRA TTO SUAVE 1.5LT C', 86.35),
	(116, 'BB VH CANTINA DA SERRA TTO SUAVE 4,6LT C', 39.38),
	(117, 'BB VH CHL STA HELENA CARMENE 375ML UN/00', 19.00),
	(118, 'BB VH ITAL LAMBRUSCO VILLA FABRI TTO 750', 24.67),
	(119, 'BB VH PERGOLA TTO SECO 1LT UN/0001/UN', 16.27),
	(120, 'BB VH PERGOLA TTO SUAVE 1LT UN/0001/UN', 13.88),
	(121, 'BB VH QUINTA MORGADO TTO SUAVE 750ML UN/', 11.56),
	(122, 'BB WHISKY JACK DANIELS 375ML UN/0001/UN', 44.99),
	(123, 'BB WHISKY JOHN. WALKER RED LABEL 500 ML ', 48.00),
	(124, 'BICARBONATO DE SODIO FA 80G PC/0012/UN', 9.84),
	(125, 'BICARBONATO SODIO JUNCO 100G PC/0012/UN', 10.74),
	(126, 'BISC AGUIA SALT CRACKER 360G', 3.21),
	(127, 'BISC AGUIA SALT CRACKER 360G CX/0020/UN', 63.40),
	(128, 'BISC AGUIA SALT CRACKER INTEGRAL 360G CX', 65.00),
	(129, 'BISC BAUDUCCO COOKIES ORIGINAL 60G DP/00', 19.02),
	(130, 'BISC CLUB SOCIAL ORIG 24G PACK 6UND CX/0', 125.40),
	(131, 'BISC CORY PALITO CHOCOLATE 90G', 1.65),
	(132, 'BISC FOFINHO RECH CHOCO/MORANGO 110G', 0.80),
	(133, 'BISC FORTALEZA MARIA 400G CX/0020/UN', 79.80),
	(134, 'BISC ITAM LOOK FLORESTA NEGRA 55G', 1.59),
	(135, 'BISC ITAMARATY WAFER CHOCOLATE 110G CX/0', 50.96),
	(136, 'BISC LIANE DIVERSAO RECH DOCE LEITE 115G', 31.96),
	(137, 'BISC LIANE NATA 400G CX/0020/UN', 63.80),
	(138, 'BISC MABEL 400G CREAM CRACKER', 3.69),
	(139, 'BISC MABEL 800G CREAM CRACKER', 7.55),
	(140, 'BISC NESTLE PASSATEMPO RECH MOR130G CX/0', 106.40),
	(141, 'BISC OREO ORIGINAL 144G CX/0028/UN', 99.40),
	(142, 'BISC OREO RECH 90G CHOCOLATE', 2.10),
	(143, 'BISC OREO RECH 90G ORIGINAL', 2.09),
	(144, 'BISC PORTO ALEGRE DE CHAMPAGNE 150G', 2.59),
	(145, 'BISC QUERO QUERO PAO DE MEL 400G CX/0024', 85.20),
	(146, 'BISC VITARELLA CREAM CRACKER 400GR CX/00', 71.80),
	(147, 'BITTER CAMPARI 900ML', 34.55),
	(148, 'BOLINHO BAUDUCCO 40G BAUNILHA E CHOC', 0.79),
	(149, 'BOLINHO BAUDUCCO 40G BAUNILHA E MORANGO', 0.79),
	(150, 'BOLINHO BAUDUCCO 40G DUPLO CHOCOLATE', 0.75),
	(151, 'BOM AR CLICK SPRAY RF 12ML LAVANDA', 5.63),
	(152, 'BOMBOM CAIXA GAROTO 250G', 7.99),
	(153, 'BOMBOM CAIXA NESTLE 251GR', 8.50),
	(154, 'BOMBOM GAROTO SERENATA DE AMOR 825G UN/0', 26.54),
	(155, 'BOMBOM LACTA BRAND MIX VARI CAIXA 250,6G', 7.99),
	(156, 'BOMBOM LACTA OURO BRANCO 01KG', 29.10),
	(157, 'BOMBOM LACTA OURO BRANCO 1KG UN/0001/UN', 33.77),
	(158, 'BOMBOM NESTLE ESPECIALIDADES CAIXA 251G ', 9.28),
	(159, 'BRILHANTE SN PO 1,6KG PC LIMPEZA', 11.71),
	(160, 'BRILHANTE SN PO 400G LIMPEZA TOTAL', 3.96),
	(161, 'BRILHANTE SN PO 800G PC CUIDADO TOT', 6.07),
	(162, 'CACHACA CABARE OURO 700ML', 31.20),
	(163, 'CAFE MELITTA TRAD 500G PC/00005/UN', 57.85),
	(164, 'CAIXA ISOPOR ISOESTE 12LT UN/0001/UN', 11.42),
	(165, 'CAIXA ISOPOR ISOESTE 27LT UN/0001/UN', 22.90),
	(166, 'CAIXA ISOPOR ISOESTE 37LT UN/0001/UN', 27.03),
	(167, 'CAIXA ISOPOR ISOESTE 3LT UN/0001/UN', 3.56),
	(168, 'CAIXA ISOPOR ISOESTE 7LT UN/0001/UN', 6.63),
	(169, 'CAIXA ISOPOR ISOESTE DRENO 80LT UN/0001/', 79.60),
	(170, 'CALDO ARISCO 57G GALINHA CAIPIRA', 1.07),
	(171, 'CALDO QUALIMAX GALINHA 1,01KG UN/0001/UN', 8.64),
	(172, 'CATCHUP ARISCO PET 370G CX/0024/UN', 85.30),
	(173, 'CATCHUP HELLMANNS PET 380G TRADIC', 6.46),
	(174, 'CATCHUP HELLMANNS PET MOLHO 3EM1 370G', 6.28),
	(175, 'CERA BRILHO FACIL VERMELHA 750ML', 7.57),
	(176, 'CERA BRILHOWAX VERMELHA 750ML', 5.27),
	(177, 'CEREAL MAT NESTLE 270G NESCAU', 6.39),
	(178, 'CERV WIENBIER 55 710ML S/GLUTEN', 7.95),
	(179, 'CERV WIENBIER 57 710ML WEISSBIER', 7.90),
	(180, 'CERV WIENBIER 58 710ML MISTA C/VINHO', 7.49),
	(181, 'CERV WIENBIER 58 710ML MISTA C/VINHO BCO', 7.49),
	(182, 'CHA LEAO 10UN CAMOMILA', 2.13),
	(183, 'CHA LEAO 10UN HORTELA', 2.13),
	(184, 'CHA LEAO MATTE 100G', 3.76),
	(185, 'CHAMP FR MOET BRUT IMPERIAL 375ML', 170.37),
	(186, 'CHANTILLY BUNGE PRO 1LT UN/0001/UN', 7.69),
	(187, 'CHICLE BUBBALLO HORTELA 60UN', 7.54),
	(188, 'CHICLE BUBBALLO MORANGO 60UN', 7.54),
	(189, 'CHICLE BUBBALLO TUTTI FRUTTI 60UN', 7.54),
	(190, 'CHICLE BUBBALLO UVA 60UN', 7.54),
	(191, 'CHICLE TRIDENT FRESH INTENSE NEW 8G DP/0', 20.10),
	(192, 'CHICLE TRIDENT HERBAL FRESH DP/0021/UN', 20.16),
	(193, 'CHICLE TRIDENT MENTA DP/0021/UN', 19.70),
	(194, 'CHOC GAROTO BATON 30UN AO LEITE', 20.08),
	(195, 'CHOC GAROTO BATON 30UN BRANCO', 20.10),
	(196, 'CHOC GAROTO BATON 30UN DUO', 20.10),
	(197, 'CHOC GAROTO BATON AO LEITE 16G DP/0030/U', 20.70),
	(198, 'CHOC GAROTO BATON BRANCO 16G DP/0030/UN', 19.80),
	(199, 'CHOC GAROTO BATON DUO BCO/PTO 16G DP/003', 20.70),
	(200, 'CHOC GAROTO BATON MORANGO 16G DP/0030/UN', 20.70),
	(201, 'CHOC GAROTO CARIBE 30X28GR', 33.65),
	(202, 'CHOC GAROTO MINI TALENTO LEITE/AVELA 25G', 21.22),
	(203, 'CHOC GAROTO MINI TALENTO MEIO AMARGO 25G', 21.22),
	(204, 'CHOC GAROTO TABL CORES 90G DP/0014/UN', 68.43),
	(205, 'CHOC GAROTO TALENTO AMENDOAS/PASSAS 90G ', 57.51),
	(206, 'CHOC GAROTO TALENTO BRAN/CROC/CER 90G DP', 57.51),
	(207, 'CHOC GAROTO TALENTO CASTANHA PARA 90G DP', 52.20),
	(208, 'CHOC GAROTO TALENTO DOCE DE LEITE 90G DP', 57.78),
	(209, 'CHOC GAROTO TALENTO LEITE/AVELA 90G DP/0', 57.78),
	(210, 'CHOC KINDER JOY 20GR', 4.29),
	(211, 'CHOC LACTA AMANDITA 200G UN/0001/UN', 9.89),
	(212, 'CHOC LACTA BIS 126G AO LEITE', 3.53),
	(213, 'CHOC LACTA BIS AO LEITE 126G UN/0001/UN', 4.20),
	(214, 'CHOC LACTA BIS BLACK 100,8G UN/0001/UN', 4.20),
	(215, 'CHOC LACTA BIS LAKA BRANCO 126G UN/0001/', 4.20),
	(216, 'CHOC LACTA BIS OREO 100,8G UN/0001/UN', 4.20),
	(217, 'CHOC LACTA BIS XTRA 45GR', 1.80),
	(218, 'CHOC LACTA BIS XTRA AO LEITE 45G DP/0024', 47.70),
	(219, 'CHOC LACTA BIS XTRA OREO 45G DP/0015/UN', 29.82),
	(220, 'CHOC LACTA INTENSE 40% CACAU ORIG 85G DP', 86.30),
	(221, 'CHOC LACTA INTENSE 60% CACAU MIX NUT 85G', 96.26),
	(222, 'CHOC LACTA INTENSE 60% CACAU ORIG 85G DP', 96.26),
	(223, 'CHOC LACTA TABL 40G 5STAR DP/0018/UN', 24.62),
	(224, 'CHOC LACTA TABL AMARO 90GR DP/0017/UN', 63.24),
	(225, 'CHOC LACTA TABL AO LEITE 90G DP/0017/UN', 67.58),
	(226, 'CHOC LACTA TABL DIAMANTE LAKA 90GR DP/00', 62.73),
	(227, 'CHOC LACTA TABL DIAMANTE NEGRO 20G DP/00', 22.13),
	(228, 'CHOC LACTA TABL DIAMANTE NEGRO 90G DP/00', 83.09),
	(229, 'CHOC LACTA TABL LAKA 20G DP/0020/UN', 23.13),
	(230, 'CHOC LACTA TABL LAKA 90G DP/0017/UN', 64.43),
	(231, 'CHOC LACTA TABL OREO LAKA 20G DP/0020/UN', 23.13),
	(232, 'CHOC NESTLE 90G ALPINO CHOC', 4.11),
	(233, 'CHOC NESTLE CANDY 30X33G PRESTIGIO', 32.69),
	(234, 'CHOC NESTLE CHARGE 40G DP/0030/UN', 32.82),
	(235, 'CHOC NESTLE CHOKITO 32G DP/0030/UN', 35.57),
	(236, 'CHOC NESTLE KIT KAT 41,5G BRANCO', 2.06),
	(237, 'CHOC NESTLE KIT KAT BRANCO 41,5G DP/0024', 57.36),
	(238, 'CHOC NESTLE KIT KAT DARK 41,5G CX/0024/U', 57.36),
	(239, 'CHOC NESTLE KIT KAT LEITE 41,5G DP/0024/', 57.36),
	(240, 'CHOC NESTLE PRESTIGIO 33G DP/0030/UN', 32.40),
	(241, 'CHOC NESTLE TABL CLASSIC AO LEITE 90G DP', 58.54),
	(242, 'CHOC PECCIN TRENTO AVELA 32GR DP/0016/UN', 17.60),
	(243, 'CHOC PECCIN TRENTO BITES AO LEITE 40G DP', 17.16),
	(244, 'CHOC PECCIN TRENTO BITES BCO DARK 40G DP', 16.45),
	(245, 'CHOC PECCIN TRENTO BITES DARK 40G DP/001', 17.16),
	(246, 'CHOC PECCIN TRENTO BITES MARACUJA 40G DP', 16.45),
	(247, 'CHOC PECCIN TRENTO MASSIMO DARK 30GR DP/', 17.60),
	(248, 'CHOC PECCIN TRENTO MORANGO 32GR DP/0016/', 18.40),
	(249, 'CHOC PECCIN TRENTO TORTA DE LIMAO 32GR D', 19.44),
	(250, 'CHOC TALENTO MINI 15X25G AVELA', 18.90),
	(251, 'CHOC TALENTO MINI 15X25G AVELA DIET', 29.95),
	(252, 'CHOC WAFER NUTELLA B READY 22G DP/0015/U', 28.50),
	(253, 'COCO RALADO LA VIOL 100G', 3.00),
	(254, 'COCO RALADO MENINA 100G', 2.24),
	(255, 'COLA THREE BOND 2G AVULSA', 0.99),
	(256, 'COLHER STRAWPLAST LEVE CRISTAL 50UN CX/0', 45.83),
	(257, 'COND DOVE 200ML HIDRAT INTENSA OXIGENIO', 7.70),
	(258, 'COND SEDA 325ML CERAMIDAS', 6.39),
	(259, 'COND SEDA 325ML KERAFORCE ORIGINAL', 6.10),
	(260, 'COND SEDA 325ML LISO EXTREMO', 6.10),
	(261, 'COND SEDA 325ML LISO PERFEITO', 6.39),
	(262, 'COND SEDA 325ML OLEO HIDRATACAO', 6.10),
	(263, 'COND SEDA 325ML PRETOS LUMINOSOS', 6.39),
	(264, 'CONHAQUE DOMUS 01L', 8.50),
	(265, 'COPO DESCART COPOBRAS BCO PP 200MLX100UN', 3.85),
	(266, 'COPO DESCART COPOBRAS TRAN PP 300MLX100U', 6.79),
	(267, 'COPO DESCART TERMOPOT 300MLX100UN', 6.62),
	(268, 'COPO DESCART TERMOPOT TRANSP 200MLX100UN', 4.50),
	(269, 'COQUETEL ALC OUSADIA ABACAXI 500ML', 3.38),
	(270, 'COQUETEL ALC OUSADIA BANANA 500ML', 3.38),
	(271, 'COQUETEL ALC OUSADIA BLUEBERRY 500ML', 3.38),
	(272, 'COQUETEL ALC OUSADIA LIMAO 500ML', 3.38),
	(273, 'COQUETEL ALC OUSADIA MORANGO 500ML', 3.38),
	(274, 'COQUETEL ALC OUSADIA TANGERINA 500ML', 3.30),
	(275, 'COUSCOUS ITA DIVELLA 500GR', 12.42),
	(276, 'CR CAB TRIM 65G TRAD', 9.58),
	(277, 'CR DENT CLOSEUP 70G TRIPLE MENTA', 1.35),
	(278, 'CR DENT CLOSEUP 70G TRIPLE MENTA AMER', 1.45),
	(279, 'CR DENT CLOSEUP 90G GEL RED HOT PROM', 2.29),
	(280, 'CR DENT CLOSEUP PROT BIOATIV 70G ANTIC', 1.91),
	(281, 'CR DENT ORAL B 150G EXTRA BRANCO', 3.38),
	(282, 'CR DENT ORAL B 70G EXTRA BRANCO L12P10', 17.59),
	(283, 'CR DENT SENSODYNE BRANQ FRESH 90 G', 9.93),
	(284, 'CR DENT SENSODYNE LIMPEZA PROFUNDA 90G', 9.69),
	(285, 'CR DENT SENSODYNE ORIGINAL 90G', 9.67),
	(286, 'CR DENT SENSODYNE RAPIDO ALIVIO 90G', 9.93),
	(287, 'CR DENTAL CLOSEUP 100G GEL LIQUIFRESH', 3.29),
	(288, 'CREME DE LEITE MOCOCA TP 200G CX/0027/UN', 64.70),
	(289, 'CREMOGEMA 180G CHOCOLATE', 2.39),
	(290, 'CREMOGEMA 180G MORANGO', 2.39),
	(291, 'CREMOGEMA 180G TRADICIONAL', 2.39),
	(292, 'CREMOGEMA 460G TRADICIONAL', 5.21),
	(293, 'DESINF PINHO SOL ORIGINAL 1LT CX/0012/UN', 83.86),
	(294, 'DESINF PINHO SOL ORIGINAL 500ML CX/0012/', 47.92),
	(295, 'DESOD AXE 96G AER BS APOLLO', 7.28),
	(296, 'DESOD AXE 96G AER BS BLACK', 7.28),
	(297, 'DESOD DOVE 89G AER ORIGINAL', 10.22),
	(298, 'DESOD REXONA 90G AER ACTIVE EMOTION', 8.67),
	(299, 'DESOD REXONA 90G AER COTTON', 8.67),
	(300, 'DESOD REXONA 90G AER IMPACTO', 8.67),
	(301, 'DESOD REXONA 90G AER MEN V8', 8.67),
	(302, 'DET PO TIXAN YPE MACIEZ 01KG', 6.42),
	(303, 'DET PO TIXAN YPE MACIEZ 02KG', 12.60),
	(304, 'DET PO TIXAN YPE PRIMAVERA 2KG', 12.60),
	(305, 'DETERG LIQ LIMPOL COCO 500ML CX/0024/UN', 37.92),
	(306, 'DETERG LIQ MINUANO NEUTRO 500ML CX/0024/', 37.19),
	(307, 'DETERG LIQ YPE MACA 500ML CX/0024/UN', 43.50),
	(308, 'DETERG LIQ YPE NEUTRO 5LTS UN/0001/UN', 16.94),
	(309, 'DOCE GOIABADA PREDILECTA 300G', 1.89),
	(310, 'DOCE GOIABADA PREDILECTA CASCAO PRA 350G', 65.00),
	(311, 'DOCE MOCA FIESTA BEIJINHO 365G', 7.99),
	(312, 'DOCE MOCA FIESTA BRIGADEIRO 385G', 7.99),
	(313, 'DROPS HALLS CHERRY LIPTUS CEREJA 21UN', 16.30),
	(314, 'DROPS HALLS EXTRA FORTE 21UN', 16.30),
	(315, 'DROPS HALLS EXTRA FORTE DP/0021/UN', 14.99),
	(316, 'DROPS HALLS MELANCIA 21UN', 16.30),
	(317, 'DROPS HALLS MELANCIA DP/0021/UN', 14.68),
	(318, 'DROPS HALLS MENTA PRATA 21UN', 16.30),
	(319, 'DROPS HALLS MORANGO 21UN', 16.30),
	(320, 'DROPS HALLS UVA VERDE 21UN', 16.30),
	(321, 'ENERGETICO RED BULL 250ML', 7.36),
	(322, 'ENERGETICO RED BULL 355ML', 11.23),
	(323, 'ENERGETICO RED BULL MELANCIA 250ML', 7.46),
	(324, 'ENERGETICO RED BULL SUGAR FREE 250ML', 7.50),
	(325, 'ENERGETICO RED BULL TROPICAL 250ML', 7.46),
	(326, 'ESCOVA DENT COLG CLAS CLEAN LV3PG2 MEDIA', 8.48),
	(327, 'ESPONJA SCOTCH BRIT LIMP MULT 4UND PC/00', 36.40),
	(328, 'ESPUM AURORA 0,0% ALCOOL 750ML', 19.50),
	(329, 'ESPUM AURORA BRUT ROSE 750ML', 21.50),
	(330, 'ESPUM AURORA MOSCATEL ROSE 750ML', 21.11),
	(331, 'ESPUM CHANDON BRUT ROSE 750ML', 68.28),
	(332, 'ESPUM SALTON BRUT 750ML', 22.40),
	(333, 'ESPUM SALTON SERIES BRUT 750ML', 19.00),
	(334, 'ESPUM SALTON SERIES DEMI SEC 750ML', 19.20),
	(335, 'EXT TOM ELEFANTE LATA 130G', 1.75),
	(336, 'EXT TOM ELEFANTE TP 280G', 2.49),
	(337, 'EXT TOM TOMADORO SACHET 2KG UN/0001/UN', 12.23),
	(338, 'FARINHA DE TRIGO C/ FERM DONA BENTA 1KG ', 41.90),
	(339, 'FARINHA LACTEA LA NUTRE 230G CX/0012/UN', 47.28),
	(340, 'FARINHA LACTEA NESTLE 400G', 6.82),
	(341, 'FARINHA LACTEA NESTLE 400G PC/0006/UN', 41.78),
	(342, 'FARINHA LACTEA NESTLE SACHET 600GR', 11.29),
	(343, 'FARINHA ROSCA PACHA 500G', 3.05),
	(344, 'FERMENTO INST FLEISCHMAN 100G', 2.18),
	(345, 'FERMENTO PO ROYAL 250G', 4.76),
	(346, 'FILME PVC BOREDA 28CMX15M', 2.76),
	(347, 'FILME PVC BOREDA 28CMX15MT CX/0012/UN', 27.72),
	(348, 'FILME PVC BOREDA 28CMX30MT CX/0012/UN', 42.12),
	(349, 'FILTRO DE PAPEL MELITTA 103 GRANDE 30UN', 2.85),
	(350, 'FITA CREPE TARTAN 3M 18MMX50M', 2.59),
	(351, 'FLOCOS DE COCO DUCOCO 100G', 2.80),
	(352, 'FOSFORO BEIJA-FLOR 10UND PC/0020/UN', 47.80),
	(353, 'FOSFORO FIAT LUX COZINHA PCT 15UND PC/00', 35.25),
	(354, 'FRALDA HUGGIES TRIP PROT ECON "G"28UN', 16.86),
	(355, 'FRALDA HUGGIES TRIP PROT ECON "XXG"22UN', 16.86),
	(356, 'FRALDA PAMPERS SUPERSEC PACOTAO M 30UN', 18.34),
	(357, 'GARR T TERMOLAR LUMINA COBRE 1L 9721 UN/', 37.84),
	(358, 'GARRAFA TERM LUMINA INOX 9752 500ML', 60.70),
	(359, 'GARRAFA TERM MUNDIAL 2704 AZUL 500ML', 18.50),
	(360, 'GARRAFA TERM MUNDIAL 2704 VERMELHA 500ML', 18.50),
	(361, 'GARRAFA TERM PERSONAL 7020 AZUL 1L', 18.50),
	(362, 'GARRAFA TERM PERSONAL 7020 PRETA 01L', 18.50),
	(363, 'GELATINA ROYAL ZERO ABACAXI 12G', 1.88),
	(364, 'GELEIA PREDILECTA DE MORANGO POTE 230G C', 103.35),
	(365, 'GELEIA QUEENSBERRY 100%FRUIT FR VER 250G', 10.90),
	(366, 'GIN DRY ORLOFF 1LT', 22.80),
	(367, 'GIN GORDONS 750ML', 54.72),
	(368, 'GIN MONKEY 47 500ML', 236.20),
	(369, 'GIN SEAGRAM\'S EXTRA DRY 750ML', 49.61),
	(370, 'GIN TUDO DRY PARATUDO 1L', 15.52),
	(371, 'GIRASSOL PACHA 500G FD/0010/UN', 54.00),
	(372, 'GUARDANAPO SANTEPEL FS 24X22 FD/0016/UN', 20.71),
	(373, 'GUARDANAPO SNOB 24X22CM 50UN', 1.67),
	(374, 'GUARDANAPO SNOB FS 24X22 FD/0016/UN', 24.58),
	(375, 'GUARDANAPO SNOB FS 33X30CM FD/0012/UN', 36.24),
	(376, 'HAMBURGUEIRA ISOPOR COPOBRAS 02 FD/0400/', 89.59),
	(377, 'INS SBP AER 380ML CITRONELA', 10.19),
	(378, 'INS SBP AER 380ML EUCALIPTO', 10.19),
	(379, 'INS SBP AER 380ML MULTI INSETICIDA', 10.19),
	(380, 'KEEP COOLER CLASSICO CITRUS 275ML', 3.70),
	(381, 'KEEP COOLER CLASSICO MORANGO 275ML', 3.70),
	(382, 'KEEP COOLER CLASSICO PESSEGO 275ML', 3.70),
	(383, 'KEEP COOLER CLASSICO UVA 275ML', 3.70),
	(384, 'LA ACO ASSOLAN 60G FD/0014/UN', 12.11),
	(385, 'LA ACO BOMBRIL FD/0014/UN', 19.88),
	(386, 'LAMP AVANT FLUOR BRAN 20W 65000K 220V UN', 6.73),
	(387, 'LAMP AVANT LED PER BRAN 12W BIV UN/0001/', 8.00),
	(388, 'LAMP AVANT LED PER BRAN 15W BIV UN/0001/', 9.59),
	(389, 'LAMP AVANT LED PER BRAN 4,8W BIV UN/0001', 4.89),
	(390, 'LAMP AVANT LED PER BRAN 7W BIV UN/0001/U', 4.89),
	(391, 'LAMP AVANT LED PER BRAN 9W BIV UN/0001/U', 5.59),
	(392, 'LAMP OUROL BRAN ELETRC 3U 15W 220V 6400K', 6.81),
	(393, 'LAMPADA LED RAYOVAC BRANCA B/VOLT 11W', 14.25),
	(394, 'LEITE COCO MENINA 200ML', 1.99),
	(395, 'LEITE COND TRIANGULO TP 395G (MISTURA) C', 85.67),
	(396, 'LEITE CONDENSADO MOCA 4% LATA 405GR', 4.79),
	(397, 'LEITE CONDENSADO MOCA LATA 395GR', 5.30),
	(398, 'LEITE DE COCO MAIS COCO 200ML', 2.95),
	(399, 'LEITE PO NINHO ZERO LACTOSE 380G', 16.92),
	(400, 'LICOR ALE JAGERMEISTER 700ML', 89.10),
	(401, 'LICOR CREME DE AMARULA 750ML', 85.00),
	(402, 'LICOR ESP DIEGO ZAMORA 43 700ML', 115.00),
	(403, 'LIMP AJAX DILUIVEL 500ML FLORES DE LAVAN', 3.29),
	(404, 'LIMP CASA&PERFUME AGRADABLE 1L', 4.92),
	(405, 'LIMP CIF CREMOS PROF BCA 250ML CX/0012/U', 53.64),
	(406, 'LIMP CIF CREMOSO 450ML LARANJA', 7.04),
	(407, 'LIMP CIF DESENG 500ML GTL PURE', 8.09),
	(408, 'LIMP CIF ULTRA RAPIDO BANH PULV S/ 500ML', 107.52),
	(409, 'LIMP CIF ULTRA RAPIDO DESENG PULV 500ML ', 96.96),
	(410, 'LIMP DESENTUPIDOR DIABO VERDE 300GR', 10.63),
	(411, 'LIMP MULT AJAX LAVANDA E MENTA 500ML CX/', 35.88),
	(412, 'LIMP PERF AJAX BOUQUET FLOR 500ML CX/001', 39.97),
	(413, 'LIMP PESADA AJAX FRESH BLUE 500ML CX/001', 57.10),
	(414, 'LIMP PESADA AJAX FRESH LIMAO 500ML CX/00', 59.76),
	(415, 'LIMPA ALUMINIO E INOX MAGIC BRILL MACA C', 42.72),
	(416, 'LIMPA ALUMINIO E INOX MAGIC BRILL TRAD C', 42.72),
	(417, 'LIMPA ALUMINIO ESTRELA TRAD 500ML CX/002', 38.96),
	(418, 'LIMPA VIDROS CIF 450ML ULT RAP RF', 5.26),
	(419, 'LIMPA VIDROS ZUPP 500ML', 2.61),
	(420, 'LIQUIDIF MONDIAL PT 220V/60HZ UN/0001/UN', 157.90),
	(421, 'LUVA MEDIX DESCARTAVEL TRANSP C/ 100UN U', 2.10),
	(422, 'MAC CRISTAL ESPAGUETE SEMOLA 500G FD/003', 71.70),
	(423, 'MAIONESE ARISCO SACHET 196G', 1.67),
	(424, 'MAIONESE HEINZ PET 390G', 8.90),
	(425, 'MAIONESE HELLMANNS BD 3KG UN/0001/UN', 42.89),
	(426, 'MAIONESE HELLMANNS LIGHT 250G CX/0024/UN', 92.16),
	(427, 'MAIONESE HELLMANNS LIMAO 500G CX/0012/UN', 63.48),
	(428, 'MAIONESE HELLMANNS PET 500G TRAD', 6.00),
	(429, 'MAIONESE HELLMANNS REG LV 12 PG 11 500G ', 64.80),
	(430, 'MAIONESE LIZA TRAD POTE 500G CX/0012/UN', 42.00),
	(431, 'MAIONESE QUERO SACHE 200G', 1.37),
	(432, 'MARGARINA DELICIA C/S 70% LIP 01KG', 10.64),
	(433, 'MARGARINA QUALY CREM C/SAL 1KG CX/0006/U', 64.92),
	(434, 'MARGARINA QUALY CREM C/SAL 80% LIP 250G ', 79.20),
	(435, 'MARGARINA QUALY CREM C/SAL 80% LIP 500G ', 71.28),
	(436, 'MARGARINA SOYA CREMOSA 500G CX/0012/UN', 43.19),
	(437, 'MARMITEX COPOBRAS ISO PT102 N.8 REDONDA ', 39.70),
	(438, 'MILHO VERDE FUGINI SACHET 170G CX/0036/U', 66.51),
	(439, 'MILHO VERDE QUERO SACHET 170G CX/0024/UN', 44.16),
	(440, 'MISTURA LAC CONDENSADA MEUBOM 395G', 2.98),
	(441, 'MOLHO BARBECUE PREDILECTA 400G UN/0001/U', 3.50),
	(442, 'MOLHO MADEIRA PREDILECTA SACHET 340G UN/', 2.15),
	(443, 'MOLHO PIMENTA KNORR VERMELHA 150ML', 2.94),
	(444, 'MOLHO TOM BONARE BOLONHESA SACHET 340G C', 47.34),
	(445, 'MOLHO TOM BONARE PIZZA SACHET 340G CX/00', 36.90),
	(446, 'MOLHO TOM BONARE TRAD SACHET 340G CX/002', 24.40),
	(447, 'MOLHO TOM HEINZ SACHE 340G BOLONHESA', 3.02),
	(448, 'MOLHO TOM HEINZ SACHE 340G TRAD', 2.17),
	(449, 'MOLHO TOM QUERO TRAD SACHET 340G CX/0024', 27.60),
	(450, 'MOLHO TOM TARANTELLA SACHE 340G TRAD', 1.39),
	(451, 'MOLHO TOM VAL PIZZA POUCH 2KG UN/0001/UN', 6.35),
	(452, 'MOSTARDA ARISCO 200G', 2.11),
	(453, 'MOSTARDA CEPERA AMARELA 200G CX/0024/UN', 71.18),
	(454, 'MOSTARDA HELLMANNS SQZ 170G CX/0024/UN', 103.44),
	(455, 'NESTON 3 CEREAIS LT 400G DP/0006/UN', 45.54),
	(456, 'NESTON 400G', 6.50),
	(457, 'OLEO DE CANOLA LIZA PET 900ML', 11.79),
	(458, 'OLEO DE GIRASSOL LIZA PET 900ML', 14.18),
	(459, 'OLEO FARMAX DE AMENDOA 100ML', 4.00),
	(460, 'OMO DT PO 1,6KG LAV PERFEITA', 13.39),
	(461, 'OMO DT PO 1,6KG SPORTS', 13.64),
	(462, 'PACOCA PACOQUITA ROLHA EMBALADA 100UN', 23.94),
	(463, 'PACOCA S HELENA PACOQUITA ROLHA EMB 15G ', 15.70),
	(464, 'PALITO DENTAL GINA 200UN', 0.84),
	(465, 'PALITOS GINA 100UND PC/0025/UN', 11.00),
	(466, 'PAPEL TOALHA SNOB BCO 2UND FD/0012/UN', 39.48),
	(467, 'PAPEL TOALHA SNOB DECORADO 2UND FD/0012/', 39.48),
	(468, 'PASTILHA GAROTO HORTELA 40UN', 23.00),
	(469, 'PATE ATUM COQUEIRO TOQUE PIMENTA 170G', 5.77),
	(470, 'PF ABS SYM C/ABAS SUAVE PROM L16P14 UN/0', 3.55),
	(471, 'PF AMONIA FARMAX 100ML PC/0012/UN', 16.20),
	(472, 'PF CD CLOSE UP LIQFRESH RED HOT 100G PC/', 39.96),
	(473, 'PF CD CLOSE UP TRIP M AMER 70G PC/0012/U', 13.92),
	(474, 'PF CD CLOSE UP TRIPLE MENTA 70G PC/0012/', 13.94),
	(475, 'PF CD COLGATE MPA 180G PC/0012/UN', 45.92),
	(476, 'PF CD COLGATE TRIPLA ACAO HORTELA 90G PC', 28.44),
	(477, 'PF CO NEUTROX SOS 300ML UN/0001/UN', 4.98),
	(478, 'PF CO NEUTROX XTREME 300ML UN/0001/UN', 4.88),
	(479, 'PF CO SEDA ANTINOS 325ML UN/0001/UN', 6.26),
	(480, 'PF CO SEDA BABOSA OLEOS 325ML UN/0001/UN', 6.26),
	(481, 'PF CO SEDA BIOTINA BAMBU E BIOTINA 325ML', 6.26),
	(482, 'PF CO SEDA BOMBA ARGAN 325ML UN/0001/UN', 6.26),
	(483, 'PF CO SEDA BOMBA COCO 325ML UN/0001/UN', 6.26),
	(484, 'PF CO SEDA BOMBA NUTRICAO 325ML UN/0001/', 6.26),
	(485, 'PF CO SEDA CACHOS DEFINIDOS 325ML UN/000', 6.37),
	(486, 'PF CO SEDA CERAMIDAS 325ML UN/0001/UN', 6.26),
	(487, 'PF CO SEDA CRESCIMENTO SAUDAVEL 325ML UN', 6.26),
	(488, 'PF CO SEDA LISO EXTREMO 325ML UN/0001/UN', 6.26),
	(489, 'PF CO SEDA LISO PERFEITO 325ML UN/0001/U', 6.26),
	(490, 'PF CO SEDA MEL ANTIQUEBRA 325ML UN/0001/', 6.26),
	(491, 'PF CO SEDA MICELAR 325ML UN/0001/UN', 6.26),
	(492, 'PF CO SEDA OLEO HIDRATACAO 325ML UN/0001', 6.26),
	(493, 'PF CO SEDA ONDAS ANTIFRIZZ 325ML UN/0001', 6.26),
	(494, 'PF CO SEDA PRETOS LUMINOSOS 325ML UN/000', 6.26),
	(495, 'PF CO SEDA REST INSTANTANEA 325ML UN/000', 6.26),
	(496, 'PF CO TRA LA LA KIDS CACHOS 480ML UN/000', 6.93),
	(497, 'PF CO TRA LA LA KIDS HIDRAKIDS 480ML UN/', 7.15),
	(498, 'PF CO TRA LA LA KIDS SEM EMBARACO 480ML ', 6.93),
	(499, 'PF CR PENT KOLENE ORIGINAL 90ML UN/0001/', 2.09),
	(500, 'PF CR PENT NEUTROX CLASSICO 300ML UN/000', 4.06),
	(501, 'PF CR TRAT SKALA BABOSA 1KG UN/0001/UN', 5.12),
	(502, 'PF CR TRAT SKALA DIVINO POTAO 1KG UN/000', 5.33),
	(503, 'PF CR TRAT SKALA MAIS CACHOS 1KG UN/0001', 5.11),
	(504, 'PF CR TRAT SKALA OLEO DE COCO 1KG UN/000', 5.12),
	(505, 'PF CR TRAT SKALA POTAO DO AMOR 1KG UN/00', 5.33),
	(506, 'PF DA REXONA FEM POWDER DRY 90G/150ML UN', 9.50),
	(507, 'PF DR DOVE MEN INVISIBLE 50ML UN/0001/UN', 6.94),
	(508, 'PF DR RED APPLE FEM ALGODAO 50ML UN/0001', 4.10),
	(509, 'PF DR RED APPLE FEM ALOE VERA 50ML UN/00', 4.10),
	(510, 'PF DR RED APPLE FEM AVEIA 50ML UN/0001/U', 4.10),
	(511, 'PF DR RED APPLE FEM CAMOMILA 50ML UN/000', 4.10),
	(512, 'PF DR RED APPLE FEM DONNA 50ML UN/0001/U', 4.10),
	(513, 'PF DR RED APPLE FEM ERVA DOCE 50ML UN/00', 4.10),
	(514, 'PF DR RED APPLE MASC NATURAL 50ML UN/000', 4.10),
	(515, 'PF DR RED APPLE MASC SPORT ACTIVE 50ML U', 4.10),
	(516, 'PF DR RED APPLE UNISSEX 50ML UN/0001/UN', 4.18),
	(517, 'PF DR REXONA FEM ACTIVE EMOTION 50ML UN/', 6.29),
	(518, 'PF DR REXONA FEM POWDER 50ML UN/0001/UN', 6.29),
	(519, 'PF DR REXONA MASC ACTIVE 50ML UN/0001/UN', 6.35),
	(520, 'PF DR REXONA MASC XTRACOOL 50ML UN/0001/', 6.36),
	(521, 'PF ESC DENT COLGATE CLASSIC L12P9 DP/001', 27.00),
	(522, 'PF ESC DENT COLGATE CLASSIC MACIA L3 P2 ', 5.88),
	(523, 'PF HASTE FLEX TOPZ 75UN PC/0006/UN', 8.69),
	(524, 'PF LO HID SKALA PROTEINA LEITE 400ML UN/', 3.51),
	(525, 'PF OLEO CAP&CORP FARMAX UVA 100ML PC/001', 44.28),
	(526, 'PF PROT LABIAL NIVEA CEREJA SHINE 4,8G U', 8.35),
	(527, 'PF PROT LABIAL NIVEA ORIGINAL CARE 4,8G ', 8.35),
	(528, 'PF SAB DAVENE AVEIA HIDRAT MEL PURO 90G ', 1.56),
	(529, 'PF SAB DOVE 90G CLEAN COMFORT PC/0012/UN', 27.05),
	(530, 'PF SAB DOVE 90G TRAD PC/0012/UN', 26.36),
	(531, 'PF SAB LIQ PROTEX VITAMINA E REF 120ML U', 4.25),
	(532, 'PF SAB PHEBO 90G NATURELLE PC/0012/UN', 31.80),
	(533, 'PF SAB PHEBO 90G ODOR ROSAS PC/0012/UN', 31.80),
	(534, 'PF SAB YPE SUAVE BAUNILHA BEGE 85G PC/00', 11.28),
	(535, 'PF SH NEUTROX CLASSICO 300ML UN/0001/UN', 4.59),
	(536, 'PF SH NEUTROX XTREME 300ML UN/0001/UN', 4.56),
	(537, 'PF SH PALM NAT NEUTRO 350ML UN/0001/UN', 5.85),
	(538, 'PF SH SEDA BABOSA+ OLEOS 325ML UN/0001/U', 5.24),
	(539, 'PF SH SEDA BOMBA COCO 325ML UN/0001/UN', 5.24),
	(540, 'PF SH SEDA BOMBA DE NUTRICAO 325ML UN/00', 5.24),
	(541, 'PF SH SEDA CACHOS DEFINIDOS 325ML UN/000', 5.24),
	(542, 'PF SH SEDA CERAMIDAS 325ML UN/0001/UN', 5.24),
	(543, 'PF SH SEDA HIDRAT ANTINOS 325ML UN/0001/', 5.24),
	(544, 'PF SH SEDA LIMPEZA MICELAR 325ML UN/0001', 5.24),
	(545, 'PF SH SEDA LISO PERFEITO 325ML UN/0001/U', 5.24),
	(546, 'PF SH SEDA MEL ANTI-QUEBRA 325ML UN/0001', 5.24),
	(547, 'PF SH SEDA OLEO HIDRATACAO 325ML UN/0001', 5.24),
	(548, 'PF SH SEDA PRETOS LUMINOSOS 325ML UN/000', 5.24),
	(549, 'PF SH SEDA PUREZA DETOX 325ML UN/0001/UN', 5.24),
	(550, 'PF SH SEDA REST INSTANTANEA 325ML UN/000', 5.24),
	(551, 'PF SH TRA LA LA KIDS CACHOS 480ML UN/000', 6.65),
	(552, 'PF SH TRA LA LA KIDS SEM EMBARACO 480ML ', 6.49),
	(553, 'PF TINT COR&TON 3.0 CASTANHO ESCURO UN/0', 7.71),
	(554, 'PF TINT COR&TON 4.0 CASTANHO MEDIO UN/00', 7.71),
	(555, 'PILHA RAYOVAC ALCAL PEQ SM AA 02UN', 5.25),
	(556, 'PILHA RAYOVAC ALCALINA AA PEQ 3+1 GRATIS', 7.19),
	(557, 'PILHA RAYOVAC ALCALINA AA SM 2UN UN/0001', 4.36),
	(558, 'PILHA RAYOVAC ALCALINA AAA 3+1 GRATIS CT', 8.36),
	(559, 'PILHA RAYOVAC ALCALINA AAA PALITO SM 2UN', 4.74),
	(560, 'PILHA RAYOVAC ALCALINA PALITO CART 8X2UN', 33.02),
	(561, 'PILHA RAYOVAC AMAR AAA PALITO SM 4UN UN/', 4.39),
	(562, 'POLIDOR LIQUIDO BRASSO 200ML', 16.28),
	(563, 'PP APONTADOR LEO PLAST C/DEP RET 6 CM DP', 17.28),
	(564, 'PP CAD JAN CD UNIV BRASILIDADE 1M 96 FLS', 14.72),
	(565, 'PP GRAMPEADOR METAL LEO 15,5CM PEQ 25 FL', 15.86),
	(566, 'PP MASSINHA MOD ACRILEX SOFT 12 CORES PC', 41.52),
	(567, 'PP PAPEL A4 REPORT SENNINHA VERD 100 FL ', 4.18),
	(568, 'PRENDEDOR DE ROUPA PRENDEBEM MADEIRA', 1.29),
	(569, 'PULVERIZADOR SANREMO TRANSP 580ML', 6.15),
	(570, 'REFRESCO FRESH ABACAXI 10G DP/0015/UN', 6.80),
	(571, 'REFRESCO FRESH CAJU 10G DP/0015/UN', 6.80),
	(572, 'REFRESCO FRESH GUARANA 10G DP/0015/UN', 6.13),
	(573, 'REFRESCO FRESH LARANJA 10G DP/0015/UN', 6.51),
	(574, 'REFRESCO FRESH LIMAO 10G DP/0015/UN', 6.80),
	(575, 'REFRESCO FRESH MANGA 10G DP/0015/UN', 6.80),
	(576, 'REFRESCO FRESH MARACUJA 10G DP/0015/UN', 6.15),
	(577, 'REFRESCO FRESH MORANGO 10G DP/0015/UN', 6.50),
	(578, 'REFRESCO FRESH UVA 10G DP/0015/UN', 6.42),
	(579, 'REFRESCO PROMIX CAJU 100G FAZ 2LT CX/002', 19.73),
	(580, 'REFRESCO PROMIX LARANJA 100G FAZ 2LT CX/', 22.00),
	(581, 'REFRESCO PROMIX MANGA 100G FAZ 2LT CX/00', 19.70),
	(582, 'REFRESCO PROMIX MARACUJA 100G FAZ 2LT CX', 22.00),
	(583, 'REFRESCO PROMIX UVA 100G FAZ 2LT CX/0024', 19.77),
	(584, 'REFRESCO TANG ABACAXI 25G DP/0015/UN', 12.00),
	(585, 'REFRESCO TANG MARACUJA 25G DP/0015/UN', 12.00),
	(586, 'REFRESCO TANG TANGERINA 25G DP/0015/UN', 12.00),
	(587, 'REMOVEDOR PERFECTO REMOVEX 1L', 6.12),
	(588, 'RUM BACARDI SUPERIOR BCO 980ML', 27.49),
	(589, 'RUM MONTILLA CARTA OURO 01L', 16.80),
	(590, 'SAB DOVE 90G ESFOLIACAO', 2.44),
	(591, 'SAB LUX 125G FLOR DE VERBENA', 1.43),
	(592, 'SAB LUX 125G LIRIO AZUL', 1.43),
	(593, 'SAB LUX 85G BUQUE DE JASMIM', 0.96),
	(594, 'SAB NIVEA 85G AVEIA', 1.22),
	(595, 'SAB NIVEA BOX 90G CREME CARE', 2.02),
	(596, 'SABAO EM BARRA KRA KRA NEUTRO 05X200GR', 4.29),
	(597, 'SABAO EM BARRA YPE COCO 05X200GR', 9.65),
	(598, 'SABAO LIQ ARIEL CLASSICO 1,5L SACHET UN/', 12.50),
	(599, 'SABAO LIQ BRILHANTE 1LT BRILHO ATIVO RF', 6.38),
	(600, 'SABAO LIQ BRILHANTE 3L LIMP TOTAL', 18.89),
	(601, 'SABAO LIQ OMO 3L PURO CUIDADO', 26.04),
	(602, 'SABAO LIQ OMO 900ML LAVAGEM PERFEITA', 8.54),
	(603, 'SABAO LIQ OMO 900ML SPORTS', 8.54),
	(604, 'SABAO LIQ OMO LAVAGEM PERFEITA 3L UN/000', 25.07),
	(605, 'SABAO LIQ OMO PURO CUIDADO 900ML UN/0001', 8.54),
	(606, 'SABAO PO TIXAN MACIEZ 2KG CX/0009/UN', 112.50),
	(607, 'SACO PAK FREEZER MICROONDAS 3LTS 20UND F', 177.50),
	(608, 'SACOLA FORTEPLAS 30X40 CX/2000/UN', 112.67),
	(609, 'SACOLA FORTEPLAS 38X48 CX/2000/UN', 179.96),
	(610, 'SACOLA FORTEPLAS 43X55 CX/1000/UN', 136.88),
	(611, 'SACOLA FORTEPLAS 50X60 CX/0500/UN', 120.80),
	(612, 'SALG LEVINHOS BACON 50G CX/0036/UN', 31.37),
	(613, 'SALG LEVINHOS CEBOLA E SALSA 50G CX/0036', 31.35),
	(614, 'SANITIZ PO BRILHANTE LIMP TT L1.6P1.450 ', 75.58),
	(615, 'SANITIZ PO SURF FLOR LAV SCH 800G FD/001', 85.44),
	(616, 'SAPOLIO RADIUM PEDRA 200G CLASSICO', 1.79),
	(617, 'SAPOLIO RADIUM PO 300G CLORO', 3.44),
	(618, 'SH SEDA 325ML BABOSA OLEOS', 5.05),
	(619, 'SH SEDA 325ML BOMBA ARGAN', 5.29),
	(620, 'SH SEDA 325ML CACHOS DEFINIDOS', 5.05),
	(621, 'SH SEDA 325ML CERAMIDAS', 5.05),
	(622, 'SH SEDA 325ML CRESCIMENTO SAUDAVEL', 5.05),
	(623, 'SH SEDA 325ML HIDRATACAO DIARIA', 5.29),
	(624, 'SH SEDA 325ML LISO PERFEITO', 5.46),
	(625, 'SH SEDA 325ML PRETOS LUMINOSOS', 5.46),
	(626, 'SH SEDA 325ML PUREZA REFRESCANTE', 5.05),
	(627, 'SH SUAVE 325ML MEL E AMENDOA', 3.28),
	(628, 'SH SUAVE 325ML PEPINO E BABOSA', 3.28),
	(629, 'SODA CAUSTICA LIPON POTE 1KG CX/0012/UN', 87.52),
	(630, 'SOPA KNORR CREME CEBOLA 60G CX/0012/UN', 58.68),
	(631, 'SUCO CONCENTRADO DA FRUTA 500ML ABACAXI', 3.12),
	(632, 'SUCO CONCENTRADO DA FRUTA 500ML UVA', 3.12),
	(633, 'SUCO DE UVA AURORA INTEGRAL BCO 1,5L', 12.20),
	(634, 'SUCO DE UVA AURORA INTEGRAL TINTO 1,5L', 12.20),
	(635, 'SUCO DE UVA AURORA INTEGRAL TTO 1L', 10.85),
	(636, 'SUCO DE UVA CASA BENTO NAT 01L', 12.60),
	(637, 'SUCO DE UVA CASA BENTO NAT 295ML', 5.60),
	(638, 'SUCO MAGUARY 500ML ABACAXI', 4.08),
	(639, 'SUCO MAGUARY 500ML GOIABA', 4.03),
	(640, 'SUCO MAGUARY 500ML MANGA', 4.08),
	(641, 'SUCO PO TANG ABACAXI 25G', 0.78),
	(642, 'SUCO PO TANG GOIABA 25G', 0.78),
	(643, 'SUCO PO TANG LARANJA 25G', 0.78),
	(644, 'SUCO PO TANG MANGA 25G', 0.78),
	(645, 'SUCO PO TANG MARACUJA 25G', 0.78),
	(646, 'SUCO PO TANG MORANGO 25G', 0.78),
	(647, 'SUCO PO TANG UVA 25G', 0.78),
	(648, 'TEMP ARISCO SEM PIMENTA 1KG CX/0006/UN', 37.50),
	(649, 'TEMP SAZON SABOR DO NORDESTE 60G DP/0012', 41.88),
	(650, 'TEMP SAZON VERDE 60G DP/0012/UN', 41.88),
	(651, 'TEMP SAZON VERMELHO 60G DP/0012/UN', 41.88),
	(652, 'TEMPERO ARISCO 01KG ALHO/SAL', 5.90),
	(653, 'TEMPERO ARISCO 01KG COMPLETO', 5.99),
	(654, 'TEMPERO ARISCO 01KG SEM PIMENTA', 5.99),
	(655, 'TEMPERO ARISCO 300G ALHO/SAL', 1.98),
	(656, 'TEMPERO SAZON BRANCO 60GR', 2.99),
	(657, 'TEMPERO SAZON LARANJA 60GR', 3.49),
	(658, 'TEMPERO SAZON PIPOCA MANTEIGA 60GR', 3.49),
	(659, 'TEMPERO SAZON SABOR DO NORDESTE 60GR', 3.17),
	(660, 'TEMPERO SAZON SALADA 60GR', 2.99),
	(661, 'TEMPERO SAZON VERDE 60GR', 3.14),
	(662, 'TEMPERO SAZON VERMELHO 60GR', 3.14),
	(663, 'TEQUILA JOSE CUERVO OURO 750ML', 88.10),
	(664, 'TOMATE PELADO INTEIRO OLE 2,5KG', 14.25),
	(665, 'TOMATE SECO DIZA VIDRO 2KG', 92.84),
	(666, 'TRIGO P/ KIBE ELDORADO 500G FD/0020/UN', 40.60),
	(667, 'TRIGO P/KIBE PACHA 500GR', 2.94),
	(668, 'VANISH TIRA MANCHAS PO 450G MULTI+WHI PR', 27.17),
	(669, 'VELA DIVINO PAI ETERNO NO 05 08UN', 2.85),
	(670, 'VIN ARG TRAPICHE CHARDONNAY 750ML', 35.40),
	(671, 'VIN ARG TRAPICHE MALBEC 750ML', 35.40),
	(672, 'VIN ARG TRAPICHE PINOT NOIR 750ML', 35.40),
	(673, 'VIN CHIL CHILANO CAB SAUVIGNON 750ML', 17.10),
	(674, 'VIN CHIL CHILANO CARMENERE TTO 750ML', 17.50),
	(675, 'VIN CHIL CHILANO MERLOT 750ML', 17.50),
	(676, 'VIN CHIL CHILANO MOSCATO BCO 750ML', 17.50),
	(677, 'VIN CHIL CHILANO PINK MOSCATO ROSE 750ML', 17.70),
	(678, 'VIN CHIL STA CAROL CAB SAU RES ROSE 750M', 22.50),
	(679, 'VIN CHIL STA CAROL CAB SAUV 750ML', 22.50),
	(680, 'VIN CHIL STA CAROL CARMENERE TTO 750M', 22.50),
	(681, 'VIN CHIL STA CAROL CHARDONNAY 750ML', 22.50),
	(682, 'VIN CHIL STA CAROL MALBEC 750ML', 22.50),
	(683, 'VIN CHIL STA CAROL MERLOT 750ML', 22.50),
	(684, 'VIN CHIL STA CAROL MERLOT ED ESP 750ML', 22.50),
	(685, 'VIN CHIL YAGAN CLAS CARMENERE 750ML', 23.00),
	(686, 'VIN ESP TORO LOCO VENDIMIA SEL REQU 750M', 39.50),
	(687, 'VIN ITA LAMBRUSCO CELLA ROSE 750ML', 26.95),
	(688, 'VIN PORT CONDE DE BARCELOS BCO 750ML', 32.41),
	(689, 'VIN PORT JULIA FLORISTA TT 750ML', 35.13),
	(690, 'VIN PORT OLARIA ROSE SUAVE 750ML', 28.00),
	(691, 'VIN PORT OLARIA TTO SUAVE 750ML', 26.89),
	(692, 'VIN PORT PORTA 6 750ML', 45.95),
	(693, 'VINHO CANTINA DA SER TT SUAV PET 1,5L', 7.70),
	(694, 'VINHO CANTINA DA SER TT SUAVE 880ML', 4.80),
	(695, 'VINHO CASA PERINI ARBO CAB SAUV 750M', 19.70),
	(696, 'VINHO COMPOSTO PARATUDO 900ML', 9.10),
	(697, 'VINHO LIEBFRAUMILCH 750ML', 11.10),
	(698, 'VINHO MIORANZA BRANCO SUAVE 750ML', 8.95),
	(699, 'VINHO MIORANZA FRISANTE SUAVE 750ML', 12.90),
	(700, 'VINHO MIORANZA SUAVE TT 1L', 11.04),
	(701, 'VINHO MIORANZA TINTO SECO 750ML', 8.63),
	(702, 'VINHO MIORANZA TINTO SUAVE 750ML', 8.80),
	(703, 'VINHO PERGOLA TINTO SECO 750ML', 11.90),
	(704, 'VODKA ABSOLUT CITRON 750ML', 57.60),
	(705, 'VODKA ABSOLUT VANILIA 750ML', 57.60),
	(706, 'VODKA BELVEDERE 700ML', 111.20),
	(707, 'VODKA FINLANDIA 1L', 43.90),
	(708, 'VODKA KETEL ONE 01L', 55.20),
	(709, 'VODKA KRISKOF BLUE 900ML', 5.94),
	(710, 'VODKA KRISKOF LEMON 900ML', 5.94),
	(711, 'VODKA KRISKOF TANGERINA 900ML', 6.04),
	(712, 'VODKA SMIRNOFF RED 998ML', 28.90),
	(713, 'WHISKY BALLANTINES 8 YEARS FINES 01L', 71.92),
	(714, 'WHISKY BELLS 700ML', 29.65),
	(715, 'WHISKY BUCHANAN\'S 18 YEARS 750ML', 365.00),
	(716, 'WHISKY BUCHANANS 12 YEARS 01L', 153.26),
	(717, 'WHISKY CARDHU 12 YEARS 1000ML', 322.00),
	(718, 'WHISKY CHIVAS REGAL 15 ANOS 750ML', 149.76),
	(719, 'WHISKY CHIVAS REGAL 18 ANOS 750ML', 252.00),
	(720, 'WHISKY JACK DANIELS 1L', 107.00),
	(721, 'WHISKY JACK DANIELS HONEY 1L', 105.90),
	(722, 'WHISKY JOHNNIE WALKER GOLD RES 750ML', 212.18),
	(723, 'WHISKY ROYAL SALUTE 700ML', 545.00);
/*!40000 ALTER TABLE `tb_produtos` ENABLE KEYS */;

/*!40101 SET SQL_MODE=IFNULL(@OLD_SQL_MODE, '') */;
/*!40014 SET FOREIGN_KEY_CHECKS=IFNULL(@OLD_FOREIGN_KEY_CHECKS, 1) */;
/*!40101 SET CHARACTER_SET_CLIENT=@OLD_CHARACTER_SET_CLIENT */;
/*!40111 SET SQL_NOTES=IFNULL(@OLD_SQL_NOTES, 1) */;
